{
    "protected_attribute": "is_weekend",
    "dataset_size": 12134002,
    "PM25_median_threshold": 45.5,
    "mean_difference": 0.007536511684952285,
    "disparate_impact": 1.013304634316174,
    "statistical_parity_difference": 0.007536511684952285
}